Metric,Category,Split,Language,Test,Equivalence_bounds,Baseline_mean,Treated_mean,Mean_diff,SE_diff,TOST_p,Equivalent,t1,p1,t2,p2
BLEU,Computational,retain,English,TOST,"[-0.1, 0.1]",0.09250307010555814,1.0,0.9074969298944419,0.015572068561488952,1.0,No,64.69897855356656,0.0,51.8554697281163,1.0
ROUGE,Computational,retain,English,TOST,"[-0.1, 0.1]",0.1517969923104505,1.0,0.8482030076895495,0.01704756284097184,1.0,No,55.62103020442626,0.0,43.889147948546075,1.0
Writing Style,Stylistic,retain,English,TOST,"[-0.1, 0.1]",0.22857142857142856,0.99,0.7614285714285715,0.05530988766458839,0.9999999999686202,No,15.574585445779029,1.9517720772910252e-13,11.958595458367647,0.9999999999686202
Narrative Voice,Stylistic,retain,English,TOST,"[-0.1, 0.1]",0.3857142857142857,0.99,0.6042857142857143,0.0587106359658129,0.99999998798307,No,11.995879497810561,3.255340441654653e-11,8.589341709385655,0.99999998798307
Character Similarity,Content,retain,English,TOST,"[-0.1, 0.1]",0.3238095238095238,0.915,0.5911904761904763,0.07516007105624062,0.999999945332361,No,9.196245645820023,1.797217930032957e-11,6.535258273278232,0.999999945332361
Plot Structure Similarity,Content,retain,English,TOST,"[-0.1, 0.1]",0.29523809523809524,0.9800000000000001,0.6847619047619049,0.05138794459543412,0.9999999999694591,No,15.271323088326673,7.460698725481052e-14,11.379359679893906,0.9999999999694591
Scene Sequence Similarity,Content,retain,English,TOST,"[-0.1, 0.1]",0.2857142857142857,0.99,0.7042857142857143,0.05622476758329837,0.9999999997700876,No,14.304829505860479,1.0650369475229127e-12,10.74767829658789,0.9999999997700876
WorldBuilding Similarity,Content,retain,English,TOST,"[-0.1, 0.1]",0.3190476190476191,0.975,0.6559523809523808,0.060452282488338574,0.9999999996897018,No,12.504943565996971,3.0242475190789264e-13,9.196549047748954,0.9999999996897018
Parody/Satire,Exceptions,retain,English,TOST,"[-0.1, 0.1]",0.09523809523809523,0.015,-0.08023809523809523,0.04639437079779568,0.3369231173358831,No,0.4259547962841154,0.3369231173358831,-3.884913021531027,0.00034044519031691716
Pastiche,Exceptions,retain,English,TOST,"[-0.1, 0.1]",0.23809523809523808,0.08,-0.15809523809523807,0.07590139393728619,0.7751747683309327,No,-0.7654040997354998,0.7751747683309327,-3.4004018201364024,0.0009118805701796484
Quotation/Citation,Exceptions,retain,English,TOST,"[-0.1, 0.1]",0.047619047619047616,0.48,0.43238095238095237,0.06651665901653182,0.999988464642637,No,8.003723582217745,2.9411998392347982e-09,4.996958014658305,0.999988464642637
Scènes à Faire,Exceptions,retain,English,TOST,"[-0.1, 0.1]",0.6380952380952383,0.6700000000000002,0.03190476190476188,0.0782827536653036,0.19517301120848124,No,1.6849785646110271,0.05047829804425219,-0.8698625802865596,0.19517301120848124
Exact Match,Computational,retain,Dutch,TOST,"[-0.1, 0.1]",0.0,0.95,0.95,0.05000000000000001,0.9999999999997012,No,20.999999999999996,6.5503158452884236e-15,16.999999999999996,0.9999999999997012
BLEU,Computational,retain,Dutch,TOST,"[-0.1, 0.1]",0.03555361874104843,1.0,0.9644463812589515,0.005829472549307063,1.0,No,182.59737433457508,0.0,148.28895306518024,1.0
ROUGE,Computational,retain,Dutch,TOST,"[-0.1, 0.1]",0.05630665685108072,1.0,0.9436933431489193,0.010745123461141499,1.0,No,97.13181490406471,0.0,78.51872025482434,1.0
Writing Style,Stylistic,retain,Dutch,TOST,"[-0.1, 0.1]",0.14285714285714285,0.945,0.802142857142857,0.05801287867684029,0.9999999999998863,No,15.550734211419291,1.1102230246251565e-16,12.103223855760225,0.9999999999998863
Narrative Voice,Stylistic,retain,Dutch,TOST,"[-0.1, 0.1]",0.35714285714285715,1.0,0.6428571428571428,0.07354021529276426,0.9999998026872094,No,10.10137296851555,1.3347484228987128e-09,7.3817725539152095,0.9999998026872094
Character Similarity,Content,retain,Dutch,TOST,"[-0.1, 0.1]",0.30476190476190473,0.9800000000000001,0.6752380952380954,0.0645331726599036,0.9999999951297429,No,12.013016922686866,2.067124249549579e-11,8.913835652706226,0.9999999951297429
Plot Structure Similarity,Content,retain,Dutch,TOST,"[-0.1, 0.1]",0.20476190476190476,0.96,0.7552380952380953,0.056715612483402365,0.9999999999900504,No,15.079412136973357,3.11972669919669e-14,11.553046269752416,0.9999999999900504
Scene Sequence Similarity,Content,retain,Dutch,TOST,"[-0.1, 0.1]",0.3142857142857143,0.9550000000000001,0.6407142857142858,0.08086939207765168,0.9999998799789681,No,9.159389809719897,2.2053847636982482e-10,6.686266235253581,0.9999998799789681
WorldBuilding Similarity,Content,retain,Dutch,TOST,"[-0.1, 0.1]",0.28095238095238095,0.99,0.709047619047619,0.06821501287736748,0.999999992871118,No,11.860257514017807,4.865829961175905e-11,8.928351595308284,0.999999992871118
Parody/Satire,Exceptions,retain,Dutch,TOST,"[-0.1, 0.1]",0.06190476190476191,0.025,-0.036904761904761905,0.05052165517600701,0.11044496089677824,No,1.2488751185096236,0.11044496089677824,-2.7098233703510703,0.005392626854095559
Pastiche,Exceptions,retain,Dutch,TOST,"[-0.1, 0.1]",0.08571428571428572,0.19,0.10428571428571429,0.07674990422187246,0.5220912620793761,No,2.6617064393351546,0.00603585636023396,0.055839995230807384,0.5220912620793761
Quotation/Citation,Exceptions,retain,Dutch,TOST,"[-0.1, 0.1]",0.0,0.37,0.37,0.06244997998398398,0.9998168636618704,No,7.526023228839095,2.050664019703774e-07,4.323460152737353,0.9998168636618704
Scènes à Faire,Exceptions,retain,Dutch,TOST,"[-0.1, 0.1]",0.6000000000000001,0.6400000000000001,0.040000000000000036,0.09003480251636253,0.25499583420827104,No,1.554954263097951,0.06496387439247941,-0.6664089698991214,0.25499583420827104
